{
  "tiles": [
    [
      0,
      0
    ],
    [
      0,
      2
    ],
    [
      2,
      0
    ],
    [
      2,
      2
    ]
  ],
  "radius": 64,
  "players": {
    "xlat": {
      "xyz": {
        "0": 1.1823482513427734,
        "1": 0,
        "2": 1.6173456907272339
      },
      "heading": 83.22000000000173,
      "code": "delta.drive = 1.0; \nif (perspective.keysDown.has('ArrowRight')) {\n  delta.turn = -0.8;\n} else {\n  delta.turn = 0.8;\n}"
    }
  }
}